<?xml version="1.0" encoding="UTF-8"?>
<project-private xmlns="http://www.netbeans.org/ns/project-private/1">
    <editor-bookmarks xmlns="http://www.netbeans.org/ns/editor-bookmarks/2" lastBookmarkId="0"/>
    <open-files xmlns="http://www.netbeans.org/ns/projectui-open-files/2">
        <group>
            <file>file:/D:/TTCD/App_Calcultor_nhom1/CalcultorApp/src/calcultorapp/CalculatorApp.java</file>
            <file>file:/D:/TTCD/App_Calcultor_nhom1/CalcultorApp/src/calcultorapp/CD.java</file>
            <file>file:/D:/TTCD/App_Calcultor_nhom1/CalcultorApp/src/calcultorapp/GPT.java</file>
            <file>file:/D:/TTCD/App_Calcultor_nhom1/CalcultorApp/src/calcultorapp/TTCB.java</file>
        </group>
    </open-files>
</project-private>
